<?xml version="1.0" encoding="UTF-8" standalone="yes"?>
<addon id="repository.thecrew.alpha" name="The Crew Alpha Repository" version="1.0.5" provider-name="The Crew">
    <extension point="xbmc.addon.repository" name="The Crew Alpha Repository">
        <dir>
            <info compressed="false">https://classymouse.github.io/addons.xml</info>
            <checksum>https://classymouse.github.io/addons.xml.md5</checksum>
            <datadir zip="true">https://classymouse.github.io/</datadir>
        </dir>
        <dir>
            <info compressed="false">https://raw.githubusercontent.com/Gujal00/smrzips/master/addons.xml</info>
            <checksum>https://raw.githubusercontent.com/Gujal00/smrzips/master/addons.xml.md5</checksum>
            <datadir zip="true">https://raw.githubusercontent.com/Gujal00/smrzips/master/zips/</datadir>3.0-alpha includes:[CR]• Complete adult section integration with Python classes[CR]• 8 working adult sites with pagination and categories[CR]• WhoresHub enhanced with 84 categories and video counts[CR]• Enhanced FreeOMovie with service detection[CR]• Added resolveurl.xxx dependency support[CR]• Improved video playback reliability
        </dir>
    </extension>
    <extension point="xbmc.addon.metadata">
        <summary lang="en">The Crew Alpha Testing Repository</summary>
        <description lang="en">Alpha testing repository for The Crew addons. Contains pre-release versions with latest features and fixes. For testing purposes only.[CR][CR]Version 2.2.0-alpha includes:[CR]• 50-70% faster episode browsing (show caching)[CR]• 13 new Viperscrapers torrent sources[CR]• Library auto-updates for new seasons[CR]• Optimized scraping UI (83% fewer updates)[CR]• Metadata rendering fixes[CR]• IndentationError fix</description>
        <disclaimer lang="en">This repository contains ALPHA software. Use at your own risk. Backup your Kodi databases before installing.</disclaimer>
        <platform>all</platform>
        <license>GNU GENERAL PUBLIC LICENSE Version 3</license>
        <website>https://classymouse.github.io/</website>
        <source>https://github.com/classymouse/script.module.thecrew</source>
        <assets>
            <icon>icon.png</icon>
            <fanart>fanart.jpg</fanart>
        </assets>
        <news>v1.0.5 (Feb 2026) - Removed unhingedthemes repository - now shows ONLY The Crew alpha addons + ResolveURL dependencies[CR]v1.0.4 (Feb 2026) - Removed production repository from alpha site[CR]v1.0.3 (Feb 2026) - Added dependency repositories[CR]v1.0.1 (Feb 2026) - Fixed repository URLs, rebuilt with all alpha fixes</news>
    </extension>
</addon>
