<item>
<title>** Search [COLOR firebrick]RedTube[/COLOR] **</title>
<link>$doregex[makelist]</link>
<thumbnail>special://home/addons/script.thecrew.artwork/resources/media/modern/adult.png</thumbnail>
<regex>
<name>makelist</name>
<listrepeat><![CDATA[
        <title>[makelist.param2]</title>
        <link>$doregex[playurl]</link>
        <thumbnail></thumbnail>
]]></listrepeat>
<expres><![CDATA[#$pyFunction
def GetLSProData(page_data,Cookie_Jar,m,url = ''):
    from resources.lib.modules import client
    import re,xbmc,xbmcgui
    from urllib.parse import quote_plus

    def cleanup(s):
        return re.sub('&#(\d+);', '', s)

    def kboard():
        w = xbmcgui.Window(10000) ; p = 'plugin.video.thecrew.regex.search'
        t = xbmc.getInfoLabel('listitem.label')
        if t == '': return w.getProperty(p)
        k = xbmc.Keyboard('', t) ; k.doModal()
        q = k.getText() if k.isConfirmed() else None
        if (q == None or q == ''): return
        w.setProperty(p, q) ; return q

    q = kboard()
    if q == None: return

    # Fetch search results
    url = 'https://www.redtube.com/?search=%s&page=1&hd=1' % quote_plus(q)
    try:
        results_html = client.request(url, timeout=10)
        if not results_html: return
    except:
        return

    # Extract video data - return video page URLs (not MP4 URLs)
    video_links = re.findall(r'<a[^>]+href="(/\d+)"', results_html)
    titles = re.findall(r'<img[^>]+alt="([^"]+)"[^>]*class="[^"]*thumb', results_html)

    r = []
    for i in range(min(len(video_links), len(titles))):
        video_page_url = 'https://www.redtube.com' + video_links[i]
        title = cleanup(titles[i])
        r.append((video_page_url, title))

    return r
]]></expres>
<page></page>
</regex>
<regex>
<name>playurl</name>
<expres><![CDATA[#$pyFunction
def GetLSProData(page_data,Cookie_Jar,m,url = ''):
    from resources.lib.modules import client
    import re

    # Extract manifest URL from video page
    c = re.findall('(?s)"format":"mp4","videoUrl":"([^"]*)', page_data)
    if not c: return

    # Fetch manifest
    manifest = client.request('https://www.redtube.com' + c[0].replace('\/','/'), timeout=10)
    if not manifest: return

    # Extract qualities and return highest
    qualities = re.findall('(?s)ty"\:"(\d+)(?:[^\:]*)\:"([^"]*)', manifest)
    if not qualities: return

    qualities.sort(reverse=True)
    return qualities[0][1].replace('\/','/')
]]></expres>
<page>[makelist.param1]</page>
</regex>
</item>

<item>
<name>HD & UHD New Videos -[COLOR orchid] WH[/COLOR]</name>
<link>$doregex[makelist]</link>
<thumbnail>special://home/addons/script.thecrew.artwork/resources/media/modern/adult.png</thumbnail>
<regex>
<name>makelist</name>
<listrepeat><![CDATA[
        <title>[makelist.param2]</title>
        <link>$doregex[playurl]</link>
        <thumbnail>[makelist.param3]</thumbnail>
]]></listrepeat>
<expres><![CDATA[#$pyFunction
def GetLSProData(page_data,Cookie_Jar,m,url = ''):
    from resources.lib.modules import client,workers
    import re,xbmc,xbmcgui

    def cleanup(s):
        return re.sub('&#(\d+);', '', s)

    class page:
        def run(self, r):
            threads = [] ; self.r = [] ; r = [(r.index(i)+1, i) for i in r]
            for i in r: threads.append(workers.Thread(self.request, i))
            [i.start() for i in threads] ; [i.join() for i in threads]
            return ''.join([str(i[1]) for i in sorted(self.r, key=lambda x: x[0])])
        def request(self, i):
            self.r += [(i[0], client.request(i[1]))]

    url = 'https://www.whoreshub.com/latest-updates/'
    u = []
    for i in range(1, 10): u += [url + str(i) + '/']
    u = page().run(u)
    r = re.findall('(?s)"item" href="([^"]*)" title="([^"]*).+?data-src="([^"]*)', u)
    r = [(i[0],i[1],'https:'+i[2]) for i in r]
    return r
]]></expres>
<page></page>
</regex>
<regex>
<name>playurl</name>
<expres><![CDATA[#$pyFunction
def GetLSProData(page_data,Cookie_Jar,m,url = ''):
    from resources.lib.modules import client, control
    import re
    r = re.findall('(?s)_url(?:[^\']*)\'(h[^\']*).+?text\: \'([^\']*)', page_data)
    r0 = [i[0]+'|User-Agent=Mozilla/5.0&Referer=[makelist.param1]' for i in r if 'mp4' in i[0]] ; r1 = [i[1] for i in r]

    if len(r1) > 1:
        label = control.infoLabel('listitem.label')
        select = control.dialog.select(label.upper(), r1)
        if select == -1: return
        link = r0[select]
    else:
        link = r0[0]
    return link
]]></expres>
<page>[makelist.param1]</page>
</regex>
</item>

<!-- DELETED: Cliphunter - Latest (site changed to live cams) - 2026-02-10 -->
<!-- DELETED: Cliphunter - Top Rated (site changed to live cams) - 2026-02-10 -->

<item>
<name>Porn Movies - [COLOR orchid]FreeOMovie[/COLOR]</name>
<link>$doregex[categories]</link>
<thumbnail>special://home/addons/script.thecrew.artwork/resources/media/modern/adult.png</thumbnail>
<regex>
<name>categories</name>
<listrepeat><![CDATA[
        <title>[categories.param2]</title>
        <link>$doregex[movies]</link>
        <thumbnail>[categories.param3]</thumbnail>
]]></listrepeat>
<expres><![CDATA[#$pyFunction
def GetLSProData(page_data,Cookie_Jar,m,url = ''):
    from resources.lib.modules import client, control
    import re, os

    def cleanup(s):
        return re.sub('&#(\d+);', '', s)

    # Get adult icon path
    try:
        art = control.artPath()
        adult_icon = os.path.join(art, 'adult.png') if art else ''
    except:
        adult_icon = ''

    url = 'https://www.freeomovie.to/'
    try:
        html = client.request(url, timeout=15)
        if not html: return
    except:
        return

    # Extract categories
    pattern = r'<li\s+class="cat-item[^"]*">\s*<a\s+href="([^"]+)"[^>]*>([^<]+)'
    matches = re.findall(pattern, html)

    if not matches: return

    results = []
    # Add "Latest" category first
    results.append(('https://www.freeomovie.to/', '[COLOR orchid]Latest Movies[/COLOR]', adult_icon))

    for cat_url, cat_name in matches:
        if cat_url and cat_name:
            cat_name = cleanup(cat_name)
            results.append((cat_url, cat_name, adult_icon))

    return results
]]></expres>
<page></page>
</regex>
<regex>
<name>movies</name>
<listrepeat><![CDATA[
        <title>[movies.param3]</title>
        <link>$doregex[playurl]</link>
        <thumbnail>[movies.param2]</thumbnail>
]]></listrepeat>
<expres><![CDATA[#$pyFunction
def GetLSProData(page_data,Cookie_Jar,m,url = ''):
    from resources.lib.modules import client, workers, control
    import re, os

    def cleanup(s):
        return re.sub('&#(\d+);', '', s)

    # Get adult icon path as fallback
    try:
        art = control.artPath()
        adult_icon = os.path.join(art, 'adult.png') if art else ''
    except:
        adult_icon = ''

    class page:
        def run(self, r):
            threads = []
            self.r = []
            r = [(r.index(i)+1, i) for i in r]
            for i in r: threads.append(workers.Thread(self.request, i))
            [i.start() for i in threads]
            [i.join() for i in threads]
            return ''.join([str(i[1]) for i in sorted(self.r, key=lambda x: x[0])])
        def request(self, i):
            self.r += [(i[0], client.request(i[1]))]

    base_url = m.get('categories_param1', 'https://www.freeomovie.to/')

    # Build page URLs (fetch first 3 pages for each category)
    urls = []
    if base_url.endswith('/'):
        for i in range(1, 4):
            urls.append(base_url + 'page/' + str(i) + '/')
    else:
        urls.append(base_url)
        for i in range(2, 4):
            urls.append(base_url + '/page/' + str(i) + '/')

    # Fetch all pages using threading
    html = page().run(urls)
    if not html: return

    # Extract movie links, thumbnails, and titles
    pattern = r'(?s)class="thumi".*?href="([^"]+)".*?title="([^"]+)".*?data-src="([^"]+)"'
    matches = re.findall(pattern, html)

    if not matches: return

    results = []
    for video_url, title, thumb_url in matches:
        if title and video_url:
            title = cleanup(title)
            # Use adult icon if no thumbnail
            thumbnail = thumb_url if thumb_url else adult_icon
            results.append((video_url, thumbnail, title))

    return results
]]></expres>
<page>[categories.param1]</page>
</regex>
<regex>
<name>playurl</name>
<expres><![CDATA[#$pyFunction
def GetLSProData(page_data,Cookie_Jar,m,url = ''):
    from resources.lib.modules import client
    import re

    url = '[movies.param1]'
    if not url: return

    try:
        html = client.request(url, timeout=15)
        if not html: return
    except:
        return

    # Extract embed URLs
    pattern = r'href="([^"]+)"\s*target="myIframe"'
    matches = re.findall(pattern, html)

    if not matches: return

    # Build source list with improved detection
    results = []
    for embed_url in matches:
        service = 'Unknown'
        url_lower = embed_url.lower()
        if 'lulustream' in url_lower: service = 'LuluStream'
        elif 'vidhide' in url_lower or 'vidhidepre' in url_lower: service = 'Vidhide'
        elif 'filemoon' in url_lower: service = 'Filemoon'
        elif 'streamtape' in url_lower: service = 'Streamtape'
        elif 'doodstream' in url_lower or 'dood' in url_lower: service = 'Doodstream'
        elif 'earnvids' in url_lower or 'mixdrop' in url_lower: service = 'EarnVids'
        results.append((service, embed_url))

    if not results: return

    # Single source - return directly
    if len(results) == 1:
        return results[0][1]

    # Multiple sources - show dialog
    from resources.lib.modules import control
    labels = ['[COLOR orchid]' + r[0] + '[/COLOR]' for r in results]
    urls = [r[1] for r in results]

    label = control.infoLabel('listitem.label')
    select = control.dialog.select(label.upper(), labels)

    if select == -1: return

    return urls[select]
]]></expres>
<page></page>
</regex>
</item>

<item>
<name>New Videos - [COLOR orchid] XXF[/COLOR]</name>
<link>$doregex[makelist]</link>
<thumbnail>special://home/addons/script.thecrew.artwork/resources/media/modern/adult.png</thumbnail>
<regex>
<name>makelist</name>
<listrepeat><![CDATA[
        <title>[makelist.param2]</title>
        <link>$doregex[playurl]</link>
]]></listrepeat>
<expres><![CDATA[#$pyFunction
def GetLSProData(page_data,Cookie_Jar,m,url = ''):
    from resources.lib.modules import client
    import re

    def cleanup(s):
        return re.sub('&#(\d+);', '', s)

    # Fetch single page with timeout
    url = 'https://www.xxxfiles.com/latest-updates/1/'
    try:
        html = client.request(url, timeout=10)
        if not html: return
    except:
        return

    # Extract video links and titles
    r = re.findall('(?s)thumb item(?:[^=]*)="([^"]*)(?:[^=]*)=(?:[^=]*)=(?:[^=]*)=(?:[^=]*)="([^"]*)" alt="([^"]*)">(?:[^>]*)>([^<]*)', html)

    results = []
    for i in r:
        video_url = i[0]
        title = cleanup(i[2])
        results.append((video_url, title))

    return results
]]></expres>
<page></page>
</regex>
<regex>
<name>playurl</name>
<expres><![CDATA[#$pyFunction
def GetLSProData(page_data,Cookie_Jar,m,url = ''):
    from resources.lib.modules import client
    import re

    # Extract video source URLs
    sources = re.findall('(?s)source src=\'([^\']*)(?:[^=]*)=(?:[^=]*)="([^"]*)', page_data)
    if not sources: return

    # Auto-select first/best quality
    return sources[0][0]
]]></expres>
<page>[makelist.param1]</page>
</regex>
</item>

<!-- DELETED: Live Cams - Chaturbate (site changed to React SPA, content loads dynamically) - 2026-02-10 -->

<!-- DISABLED: Porn Tubes - External XML not accessible (https://raw.githubusercontent.com/posadka/pinkhat/main/pinkhat/porn.xml returns empty) - 2026-02-10 -->

<!-- DISABLED: Debrid Links Sites A-Z - naughtyblog.org blocked by Cloudflare - 2026-02-10
<item>
<name>[COLOR orchid]Debrid Links:[/COLOR] Sites A-Z</name>
<link>$doregex[sites]</link>
<thumbnail>special://home/addons/script.thecrew.artwork/resources/media/modern/adult.png</thumbnail>
<regex>
<name>sites</name>
<listrepeat><![CDATA[
        <title>[sites.param2]</title>
        <link>$doregex[makelist]</link>
        <thumbnail>[sites.param3]</thumbnail>
]]></listrepeat>
<expres><![CDATA[#$pyFunction
def GetLSProData(page_data,Cookie_Jar,m,url = ''):
    from resources.lib.modules import client,workers,control
    import re,xbmc,xbmcgui,os
    def cleanup(s):
        return re.sub('&#(\d+);', '', s)

    # Get adult icon
    try:
        art = control.artPath()
        adult_icon = os.path.join(art, 'adult.png') if art else ''
    except:
        adult_icon = ''

    class page:
        def run(self, r):
            threads = [] ; self.r = [] ; r = [(r.index(i)+1, i) for i in r]
            for i in r: threads.append(workers.Thread(self.request, i))
            [i.start() for i in threads] ; [i.join() for i in threads]
            return ''.join([str(i[1]) for i in sorted(self.r, key=lambda x: x[0])])
        def request(self, i):
            self.r += [(i[0], client.request(i[1]))]

    url = 'https://www.naughtyblog.org/sites/page/'
    u = []
    for i in range(1, 10): u += [url + str(i) + '/']
    u = page().run(u)
    r = re.findall('(?s)<li><a href="([^"]*)" title="([^"]*)', u)
    # Add adult icon to results
    r = [(i[0], i[1], adult_icon) for i in r]
    return r
]]></expres>
<page></page>
</regex>
<regex>
<name>makelist</name>
<listrepeat><![CDATA[
        <title>[makelist.param3]</title>
        <link>$doregex[playurl]</link>
        <thumbnail>[makelist.param2]</thumbnail>
]]></listrepeat>
<expres><![CDATA[#$pyFunction
def GetLSProData(page_data,Cookie_Jar,m,url = ''):
    from resources.lib.modules import client,workers
    import re,xbmc,xbmcgui
    def unescape(s):
        return re.sub('&#(\d+);', '', s)
    class page:
        def run(self, r):
            threads = [] ; self.r = [] ; r = [(r.index(i)+1, i) for i in r]
            for i in r: threads.append(workers.Thread(self.request, i))
            [i.start() for i in threads] ; [i.join() for i in threads]
            return ''.join([str(i[1]) for i in sorted(self.r, key=lambda x: x[0])])
        def request(self, i):
            self.r += [(i[0], client.request(i[1]))]

    url = '[sites.param1]page/'
    u = []
    for i in range(1, 10): u += [url + str(i) + '/']
    u = page().run(u)
    r = re.findall('(?s)id="post-index-content(?:[^=]*)=(?:[^=]*)=(?:[^=]*)=(?:[^=]*)=(?:[^=]*)=(?:[^=]*)="([^"]*)(?:[^=]*)=(?:[^=]*)="([^"]*)(?:[^=]*)=(?:[^=]*)=(?:[^=]*)="([^"]*)', u)
    r = [(i[0],i[1],unescape(i[2])) for i in r if 'SITERIP' not in i[2]]
    return r
]]></expres>
<page></page>
</regex>
<regex>
<name>playurl</name>
<expres><![CDATA[#$pyFunction
def GetLSProData(page_data,Cookie_Jar,m,url = ''):
    url = '[makelist.param1]'
    try:
        import resolveurl
        hmf = resolveurl.HostedMediaFile(url=url)
        if hmf.valid_url():
            resolved_url = hmf.resolve()
            if resolved_url:
                return resolved_url
    except:
        pass
    return url
]]></expres>
<page></page>
</regex>
</item>
-->

<!-- DISABLED: Debrid Links Recent - naughtyblog.org blocked by Cloudflare - 2026-02-10
<item>
<name>[COLOR orchid]Debrid Links:[/COLOR] Recent Videos</name>
<link>$doregex[makelist]</link>
<thumbnail>special://home/addons/script.thecrew.artwork/resources/media/modern/adult.png</thumbnail>
<regex>
<name>makelist</name>
<listrepeat><![CDATA[
        <title>[makelist.param3]</title>
        <link>$doregex[playurl]</link>
        <thumbnail>[makelist.param2]</thumbnail>
]]></listrepeat>
<expres><![CDATA[#$pyFunction
def GetLSProData(page_data,Cookie_Jar,m,url = ''):
    from resources.lib.modules import client,workers
    import re,xbmc,xbmcgui

    def cleanup(s):
        return re.sub('&#(\d+);', '', s)

    class page:
        def run(self, r):
            threads = [] ; self.r = [] ; r = [(r.index(i)+1, i) for i in r]
            for i in r: threads.append(workers.Thread(self.request, i))
            [i.start() for i in threads] ; [i.join() for i in threads]
            return ''.join([str(i[1]) for i in sorted(self.r, key=lambda x: x[0])])
        def request(self, i):
            self.r += [(i[0], client.request(i[1]))]

    url = 'https://www.naughtyblog.org/page/'
    u = []
    for i in range(1, 10): u += [url + str(i) + '/']
    u = page().run(u)
    r = re.findall('(?s)id="post-index-content.*?href=.*?href="([^"]*).*?src="([^"]*).*?title="([^"]*)', u)
    r = [(i[0],i[1], cleanup(i[2])) for i in r if 'SITERIP' not in i[2] if 'goo' not in i[2] if 'Leak' not in i[2] if 'Collection' not in i[2]]
    return r
]]></expres>
<page></page>
</regex>
<regex>
<name>playurl</name>
<expres><![CDATA[#$pyFunction
def GetLSProData(page_data,Cookie_Jar,m,url = ''):
    url = '[makelist.param1]'
    try:
        import resolveurl
        hmf = resolveurl.HostedMediaFile(url=url)
        if hmf.valid_url():
            resolved_url = hmf.resolve()
            if resolved_url:
                return resolved_url
    except:
        pass
    return url
]]></expres>
<page></page>
</regex>
</item>
-->

<!-- DISABLED: Debrid Links This Week - naughtyblog.org/nablog.org blocked by Cloudflare - 2026-02-10
<item>
<name>[COLOR orchid]Debrid Links:[/COLOR] Popular This Week</name>
<link>$doregex[makelist]</link>
<thumbnail>special://home/addons/script.thecrew.artwork/resources/media/modern/adult.png</thumbnail>
<regex>
<name>makelist</name>
<listrepeat><![CDATA[
        <title>[makelist.param3]</title>
        <link>$doregex[playurl]</link>
        <thumbnail>[makelist.param2]</thumbnail>
]]></listrepeat>
<expres><![CDATA[#$pyFunction
def GetLSProData(page_data,Cookie_Jar,m,url = ''):
    from resources.lib.modules import client,workers
    import re,xbmc,xbmcgui
    def cleanup(s):
        return re.sub('&#(\d+);', '', s)
    class page:
        def run(self, r):
            threads = [] ; self.r = [] ; r = [(r.index(i)+1, i) for i in r]
            for i in r: threads.append(workers.Thread(self.request, i))
            [i.start() for i in threads] ; [i.join() for i in threads]
            return ''.join([str(i[1]) for i in sorted(self.r, key=lambda x: x[0])])
        def request(self, i):
            self.r += [(i[0], client.request(i[1]))]

    url = 'https://nablog.org/popular-videos-weekly/page/'
    u = []
    for i in range(1, 10): u += [url + str(i) + '/']
    u = page().run(u)
    r = re.findall('(?s)id="post-index-content(?:[^=]*)=(?:[^=]*)=(?:[^=]*)=(?:[^=]*)=(?:[^=]*)="([^"]*)(?:[^=]*)="([^"]*)(?:[^=]*)=(?:[^=]*)=(?:[^=]*)=(?:[^=]*)=(?:[^=]*)="([^"]*)', u)
    r = [(i[0],'https'+i[1], cleanup(i[2])) for i in r if 'SITERIP' not in i[2] if 'goo' not in i[2] if 'Leak' not in i[2] if 'Collection' not in i[2]]
    return r
]]></expres>
<page></page>
</regex>
<regex>
<name>playurl</name>
<expres><![CDATA[#$pyFunction
def GetLSProData(page_data,Cookie_Jar,m,url = ''):
    url = '[makelist.param1]'
    try:
        import resolveurl
        hmf = resolveurl.HostedMediaFile(url=url)
        if hmf.valid_url():
            resolved_url = hmf.resolve()
            if resolved_url:
                return resolved_url
    except:
        pass
    return url
]]></expres>
<page></page>
</regex>
</item>
-->

<!-- DISABLED: Debrid Links This Month - naughtyblog.org/nablog.org blocked by Cloudflare - 2026-02-10
<item>
<name>[COLOR orchid]Debrid Links:[/COLOR] Popular This Month</name>
<link>$doregex[makelist]</link>
<thumbnail>special://home/addons/script.thecrew.artwork/resources/media/modern/adult.png</thumbnail>
<regex>
<name>makelist</name>
<listrepeat><![CDATA[
        <title>[makelist.param3]</title>
        <link>$doregex[playurl]</link>
        <thumbnail>[makelist.param2]</thumbnail>
]]></listrepeat>
<expres><![CDATA[#$pyFunction
def GetLSProData(page_data,Cookie_Jar,m,url = ''):
    from resources.lib.modules import client,workers
    import re,xbmc,xbmcgui
    def cleanup(s):
        return re.sub('&#(\d+);', '', s)
    class page:
        def run(self, r):
            threads = [] ; self.r = [] ; r = [(r.index(i)+1, i) for i in r]
            for i in r: threads.append(workers.Thread(self.request, i))
            [i.start() for i in threads] ; [i.join() for i in threads]
            return ''.join([str(i[1]) for i in sorted(self.r, key=lambda x: x[0])])
        def request(self, i):
            self.r += [(i[0], client.request(i[1]))]

    url = 'https://nablog.org/popular-videos-monthly/page/'
    u = []
    for i in range(1, 10): u += [url + str(i) + '/']
    u = page().run(u)
    r = re.findall('(?s)id="post-index-content(?:[^=]*)=(?:[^=]*)=(?:[^=]*)=(?:[^=]*)=(?:[^=]*)="([^"]*)(?:[^=]*)="([^"]*)(?:[^=]*)=(?:[^=]*)=(?:[^=]*)=(?:[^=]*)=(?:[^=]*)="([^"]*)', u)
    r = [(i[0],'https'+i[1], cleanup(i[2])) for i in r if 'SITERIP' not in i[2] if 'goo' not in i[2] if 'Leak' not in i[2] if 'Collection' not in i[2]]
    return r
]]></expres>
<page></page>
</regex>
<regex>
<name>playurl</name>
<expres><![CDATA[#$pyFunction
def GetLSProData(page_data,Cookie_Jar,m,url = ''):
    url = '[makelist.param1]'
    try:
        import resolveurl
        hmf = resolveurl.HostedMediaFile(url=url)
        if hmf.valid_url():
            resolved_url = hmf.resolve()
            if resolved_url:
                return resolved_url
    except:
        pass
    return url
]]></expres>
<page></page>
</regex>
</item>
-->

<item>
<name>Homemade Porn LQ - [COLOR orchid]HMK[/COLOR]</name>
<link>$doregex[makelist]</link>
<thumbnail>special://home/addons/script.thecrew.artwork/resources/media/modern/adult.png</thumbnail>
<regex>
<name>makelist</name>
<listrepeat><![CDATA[
        <title>[makelist.param3]</title>
        <link>$doregex[playurl]</link>
        <thumbnail>[makelist.param2]</thumbnail>
]]></listrepeat>
<expres><![CDATA[#$pyFunction
def GetLSProData(page_data,Cookie_Jar,m,url = ''):
    from resources.lib.modules import client,workers
    import re,xbmc,xbmcgui
    def cleanup(s):
        return re.sub('&#(\d+);', '', s)
    class page:
        def run(self, r):
            threads = [] ; self.r = [] ; r = [(r.index(i)+1, i) for i in r]
            for i in r: threads.append(workers.Thread(self.request, i))
            [i.start() for i in threads] ; [i.join() for i in threads]
            return ''.join([str(i[1]) for i in sorted(self.r, key=lambda x: x[0])])
        def request(self, i):
            self.r += [(i[0], client.request(i[1]))]

    url = 'https://www.homepornking.com/new/'
    u = []
    for i in range(1, 5): u += [url + str(i) + '/']
    u = page().run(u)
    r = re.findall('(?s)pics_h(?:[^=]*)=\'([^\']*)\'><img src=\'([^\']*)\' alt=\'([^\']*)', u)
    r = [('https://www.homepornking.com' + i[0],i[1], cleanup(i[2])) for i in r]
    return r
]]></expres>
<page></page>
</regex>
<regex>
<name>playurl</name>
<expres><![CDATA[#$pyFunction
def GetLSProData(page_data,Cookie_Jar,m,url = ''):
    main = '[makelist.param1]'
    try:
        import resolveurl
        hmf = resolveurl.HostedMediaFile(url=main)
        if hmf.valid_url():
            resolved_url = hmf.resolve()
            if resolved_url:
                return resolved_url
    except:
        pass
    return main
]]></expres>
<page></page>
</regex>
</item>

<item>
<name>Pornrewind: HD</name>
<link>$doregex[makelist]</link>
<thumbnail>special://home/addons/script.thecrew.artwork/resources/media/modern/adult.png</thumbnail>
<regex>
<name>makelist</name>
<listrepeat><![CDATA[
        <title>[makelist.param2]</title>
        <link>$doregex[playurl]</link>
        <thumbnail>[makelist.param3]</thumbnail>
]]></listrepeat>
<expres><![CDATA[#$pyFunction
def GetLSProData(page_data,Cookie_Jar,m,url = ''):
    from resources.lib.modules import client,workers
    import re,xbmc,xbmcgui
    def unescape(s):
        return re.sub('&#(\d+);', '', s)
    class page:
        def run(self, r):
            threads = [] ; self.r = [] ; r = [(r.index(i)+1, i) for i in r]
            for i in r: threads.append(workers.Thread(self.request, i))
            [i.start() for i in threads] ; [i.join() for i in threads]
            return ''.join([str(i[1]) for i in sorted(self.r, key=lambda x: x[0])])
        def request(self, i):
            self.r += [(i[0], client.request(i[1]))]

    url = 'https://www.pornrewind.com/categories/hd/'
    u = []
    for i in range(1, 10): u += [url + str(i) + '/']
    u = page().run(u)
    r = re.findall('(?s)data-item-id="(?:[^=]*)=(?:[^=]*)="([^"]*)(?:[^=]*)="([^"]*)(?:[^=]*)=(?:[^=]*)=(?:[^=]*)="([^"]*)', u)
    r = [(i[0],unescape(i[1]),i[2]) for i in r]
    return r
]]></expres>
<page></page>
</regex>
<regex>
<name>playurl</name>
<expres><![CDATA[#$pyFunction
def GetLSProData(page_data,Cookie_Jar,m,url = ''):
    url = '[makelist.param1]'
    try:
        import resolveurl
        hmf = resolveurl.HostedMediaFile(url=url)
        if hmf.valid_url():
            resolved_url = hmf.resolve()
            if resolved_url:
                return resolved_url
    except:
        pass
    return url
]]></expres>
<page></page>
</regex>
</item>

<item>
<name>CUMLOUDER</name>
<link>$doregex[makelist]</link>
<thumbnail>special://home/addons/script.thecrew.artwork/resources/media/modern/adult.png</thumbnail>
<regex>
<name>makelist</name>
<listrepeat><![CDATA[
        <title>[makelist.param3]</title>
        <link>$doregex[playurl2]</link>
        <thumbnail>[makelist.param2]</thumbnail>
]]></listrepeat>
<expres><![CDATA[#$pyFunction
def GetLSProData(page_data,Cookie_Jar,m,url = ''):
    from resources.lib.modules import client,workers
    import re,xbmc,xbmcgui
    def unescape(s):
        return re.sub('&#(\d+);', '', s)
    class page:
        def run(self, r):
            threads = [] ; self.r = [] ; r = [(r.index(i)+1, i) for i in r]
            for i in r: threads.append(workers.Thread(self.request, i))
            [i.start() for i in threads] ; [i.join() for i in threads]
            return ''.join([str(i[1]) for i in sorted(self.r, key=lambda x: x[0])])
        def request(self, i):
            self.r += [(i[0], client.request(i[1]))]

    url = 'https://www.cumlouder.com/'
    try:
        html = client.request(url, timeout=15)
        if not html: return
    except:
        return

    # Extract category links from main page (series URLs)
    r = re.findall('(?s)href="(https://www\.cumlouder\.com/series/[^"]+)/"[^>]*>\s*<img[^>]+data-src="([^"]+)"[^>]*alt="([^"]+)"[^>]*>\s*<h2[^>]*>([^<]+)</h2>', html)
    results = []
    for item in r:
        cat_url = item[0]
        thumb_url = item[1]
        cat_name = unescape(item[3].strip())
        results.append((cat_url, thumb_url, cat_name))
    return results
]]></expres>
<page></page>
</regex>
<regex>
<name>playurl2</name>
<listrepeat><![CDATA[
        <title>[playurl2.param3]</title>
        <link>$doregex[playurl]</link>
        <thumbnail>[playurl2.param2]</thumbnail>
]]></listrepeat>
<expres><![CDATA[#$pyFunction
def GetLSProData(page_data,Cookie_Jar,m,url = ''):
    from resources.lib.modules import client,workers
    import re,xbmc,xbmcgui
    def unescape(s):
        return re.sub('&#(\d+);', '', s)
    class page:
        def run(self, r):
            threads = [] ; self.r = [] ; r = [(r.index(i)+1, i) for i in r]
            for i in r: threads.append(workers.Thread(self.request, i))
            [i.start() for i in threads] ; [i.join() for i in threads]
            return ''.join([str(i[1]) for i in sorted(self.r, key=lambda x: x[0])])
        def request(self, i):
            self.r += [(i[0], client.request(i[1]))]

    url = '[makelist.param1]'
    u = []
    for i in range(1, 10): u += [url + str(i) + '/']
    u = page().run(u)
    r = re.findall('(?s)<a class="muestra-escena" href="([^"]*).*?data-src="([^"]*).*?alt="([^"]*)', u)
    r = [(i[0],i[1],unescape(i[2])) for i in r]
    return r
]]></expres>
<page></page>
</regex>
<regex>
<name>playurl</name>
<listrepeat><![CDATA[
        <title></title>
        <link>[playurl.param1]</link>
        <thumbnail></thumbnail>
]]></listrepeat>
<expres><![CDATA[#$pyFunction
def GetLSProData(page_data,Cookie_Jar,m,url = ''):
    url = 'https://www.cumlouder.com[playurl2.param1]'
    try:
        import resolveurl
        hmf = resolveurl.HostedMediaFile(url=url)
        if hmf.valid_url():
            resolved_url = hmf.resolve()
            if resolved_url:
                return resolved_url
    except:
        pass
    return url
]]></expres>
<page></page>
</regex>
</item>

<item>
<name>Motherless: HD</name>
<link>$doregex[makelist]</link>
<thumbnail>special://home/addons/script.thecrew.artwork/resources/media/modern/adult.png</thumbnail>
<regex>
<name>makelist</name>
<listrepeat><![CDATA[
        <title>[makelist.param3]</title>
        <link>$doregex[playurl]</link>
        <thumbnail>[makelist.param2]</thumbnail>
]]></listrepeat>
<expres><![CDATA[#$pyFunction
def GetLSProData(page_data,Cookie_Jar,m,url = ''):
    from resources.lib.modules import client,workers
    import re,xbmc,xbmcgui
    def unescape(s):
        return re.sub('&#(\d+);', '', s)
    class page:
        def run(self, r):
            threads = [] ; self.r = [] ; r = [(r.index(i)+1, i) for i in r]
            for i in r: threads.append(workers.Thread(self.request, i))
            [i.start() for i in threads] ; [i.join() for i in threads]
            return ''.join([str(i[1]) for i in sorted(self.r, key=lambda x: x[0])])
        def request(self, i):
            self.r += [(i[0], client.request(i[1]))]

    url = 'https://motherless.com/videos/recent?page='
    u = []
    for i in range(1, 10): u += [url + str(i) + '=']
    u = page().run(u)
    r = re.findall('(?s)<div class="thumb-container video">.*?href="([^"]*).*?src.*?src="([^"]*).*?alt="([^"]*)', u)
    r = [(i[0],i[1],unescape(i[2])) for i in r]
    return r
]]></expres>
<page></page>
</regex>
<regex>
<name>playurl</name>
<listrepeat><![CDATA[
        <title>[COLOR firebrick] [playurl.param2][/COLOR]</title>
        <link>[playurl.param1]</link>
        <thumbnail>[makelist.param1]</thumbnail>
]]></listrepeat>
<expres><![CDATA[#$pyFunction
def GetLSProData(page_data,Cookie_Jar,m,url = ''):
    url = '[makelist.param1]'
    try:
        import resolveurl
        hmf = resolveurl.HostedMediaFile(url=url)
        if hmf.valid_url():
            resolved_url = hmf.resolve()
            if resolved_url:
                return resolved_url
    except:
        pass
    return url
]]></expres>
<page></page>
</regex>
</item>

<dir>
  <name>mPorno</name>
  <link>special://home/addons/script.module.thecrew/xml/mporno.xml</link>
  <thumbnail>special://home/addons/script.thecrew.artwork/resources/media/modern/adult.png</thumbnail>
  <fanart></fanart>
</dir>


<plugin>
<name>Testings</name>
<link>plugin://plugin.video.thecrew/?action=developer</link>
<thumbnail>special://home/addons/script.thecrew.artwork/resources/media/modern/adult.png</thumbnail>
</plugin>

<!-- DISABLED: Porn Movies Debrid (HP) - hidefporn.ws blocked by Cloudflare - 2026-02-10
<item>
<name>Porn Movies Debrid - [COLOR orchid] HP[/COLOR]</name>
<link>$doregex[makelist]</link>
<thumbnail>special://home/addons/script.thecrew.artwork/resources/media/modern/adult.png</thumbnail>
<regex>
<name>makelist</name>
<listrepeat><![CDATA[
        <title>[makelist.param2]</title>
        <link>$doregex[playurl]</link>
        <thumbnail>[makelist.param3]</thumbnail>
]]></listrepeat>
<expres><![CDATA[#$pyFunction
def GetLSProData(page_data,Cookie_Jar,m,url = ''):
    from resources.lib.modules import client,workers
    import re,xbmc,xbmcgui

    def cleanup(s):
        return re.sub('&#(\d+);', '', s)

    class page:
        def run(self, r):
            threads = [] ; self.r = [] ; r = [(r.index(i)+1, i) for i in r]
            for i in r: threads.append(workers.Thread(self.request, i))
            [i.start() for i in threads] ; [i.join() for i in threads]
            return ''.join([str(i[1]) for i in sorted(self.r, key=lambda x: x[0])])
        def request(self, i):
            self.r += [(i[0], client.request(i[1]))]

    url = 'https://hidefporn.ws/page/'
    u = []
    for i in range(1, 15): u += [url + str(i) + '/']
    u = page().run(u)
    r = re.findall('(?s)h2 class="title">(?:[^=]*)="([^"]*)">([^<]*).+?img src="([^"]*)', u)
    r = [(i[0],cleanup(i[1]),'https://hidefporn.ws'+i[2]) for i in r]
    return r
]]></expres>
<page></page>
</regex>
<regex>
<name>playurl</name>
<expres><![CDATA[#$pyFunction
def GetLSProData(page_data,Cookie_Jar,m,url = ''):
    from resources.lib.modules import client
    import re
    r = re.findall('(?s)<a href="([^\/]*\/\/nitroflare[^"]*)', page_data)[0]
    return r
]]></expres>
<page>[makelist.param1]</page>
</regex>
</item>
-->