<?xml version="1.0" encoding="UTF-8" standalone="yes"?>
<addon id="plugin.video.thecrew" version="2.2.1-alpha" name="[COLOR orchid]THE CREW[/COLOR]" provider-name="The Crew">
    <requires>
        <import addon="xbmc.python" version="3.0.0" />
        <import addon="script.module.thecrew" />
        <import addon="script.thecrew.artwork" />
        <import addon="script.module.requests" />
        <import addon="script.module.resolveurl" />
        <import addon="script.module.resolveurl.xxx" version="2.0.1" />
        <import addon="script.module.simplejson" />
        <import addon="script.module.requests" />
        <import addon="script.module.beautifulsoup4" />
        <import addon="script.module.six" />
        <import addon="script.module.orion" version="5.0.0" optional="true" />
        <import addon="plugin.video.youtube" optional="true" />
        <import addon="script.module.inputstreamhelper" version="0.3.3"/>
    </requires>
    <extension library="thecrew.py" point="xbmc.python.pluginsource">
        <provides>video</provides>
    </extension>
    <extension library="service.py" point="xbmc.service" />
    <extension point="xbmc.addon.metadata">
        <summary lang="en">The Crew is a team of individuals that does what it can to provide others, you, the best in entertainment.</summary>
        <description lang="en">Many come, Many go. The true and dedicated are here.</description>
        <platform>all</platform>
        <license>GNU GENERAL PUBLIC LICENSE. Version 3, 29 June 2007</license>
        <disclaimer lang="en">The authors of this addon do not host any of the content which is found nor have any affiliation with any of the content providers. This addon simply searches websites for content. Use it at your own risk!</disclaimer>
        <assets>
            <icon>icon.png</icon>
            <fanart>fanart.jpg</fanart>
            <screenshot>resources/art/ss/1.png</screenshot>
            <screenshot>resources/art/ss/2.png</screenshot>
            <screenshot>resources/art/ss/3.png</screenshot>
        </assets>
    </extension>
</addon>
