<?xml version="1.0" encoding="UTF-8"?>
<window type="dialog">
    <coordinates>
        <left>160</left>
        <top>20</top>
        <alignx>center</alignx>
    </coordinates>
    <controls>
        <control type="group">
            <control type="image">
                <description>Background Image</description>
                <posx>0</posx>
                <posy>0</posy>
                <width>1600</width>
                <height>950</height>
                <texture colordiffuse="DDFFFFFF" border="2">logviewer_bg.png</texture> <!-- -->
            </control>
            <control type="image">
                <description>Dialog Header image</description>
                <posx>0</posx>
                <posy>25</posy>
                <width>1600</width>
                <height>106</height>
            </control>
            <control type="image">
                <description>Dialog Header image</description>
                <posx>0</posx>
                <posy>995</posy>
                <width>1600</width>
                <height>106</height>
            </control>
            <control type="label" id="101">
                <description>header label</description>
                <left>0</left>
                <top>20</top>
                <width>1600</width>
                <height>80</height>
                <font>font13</font>
                <label></label>
                <textcolor>FFDA70D6</textcolor>
                <align>center</align>
                <aligny>center</aligny>
            </control>
            <control type="textbox" id="102">
                <description>Log Contents</description>
                <label>Log Contents</label>
                <left>25</left>
                <top>90</top>
                <width>1500</width>
                <height>840</height>
                <font>font12</font>
                <align>left</align>
                <aligny>top</aligny>
                <pagecontrol>103</pagecontrol>
                <onup>201</onup>
                <ondown>201</ondown>
                <onleft>103</onleft>
                <onright>103</onright>
            </control>
            <control type="scrollbar" id="103">
                <description>Scrollbar</description>
                <left>1565</left>
                <top>85</top>
                <width>30</width>
                <height>858</height>
                <subtype>text</subtype>
                <visible>true</visible>
                <texturesliderbackground>Buttons/scrollbar-v-background.png</texturesliderbackground>
                <texturesliderbar>Buttons/scrollbar-v.png</texturesliderbar>
                <texturesliderbarfocus>Buttons/scrollbar-v-focus.png</texturesliderbarfocus>
                <orientation>vertical</orientation>
                <showonepage>true</showonepage>
                <defaultcontrol>103</defaultcontrol>
                <onup>102</onup>
                <ondown>102</ondown>
                <onleft>201</onleft>
                <onright>201</onright>
            </control>
            <control type="button" id="201">
                <description>Close Button</description>
                <left>1300</left>
                <top>870</top>
                <width>240</width>
                <height>50</height>
                <font>font12</font>
                <textcolor>FFF0F0F0</textcolor>
                <textoffsetx>20</textoffsetx>
                <label>$LOCALIZE[15067]</label>
                <align>center</align>
                <aligny>center</aligny>
                <texturefocus colordiffuse="$VAR[HighlightBarColor]">Buttons/plainbtn_focus.png</texturefocus>
                <texturefocus>Buttons/plainbtn_focus.png</texturefocus>
                <texturenofocus>Buttons/pixel.png</texturenofocus>
                <onup>103</onup>
                <ondown>103</ondown>
                <onleft>201</onleft>
                <onright>201</onright>
            </control>
        </control>
    </controls>
</window>